Crop,Region,Acreage,CropDays,Temperature,SoilMoisture,Humidity,Evapotranspiration,CropCoefficient,WaterRequirement
Maize,Temperate,1.33,151,34.0,14.7,30.9,5.42,0.98,28589.0
Wheat,Semi-Arid,3.69,101,25.8,31.7,85.7,4.86,0.86,62414.0
Wheat,Temperate,3.25,168,29.4,28.4,29.8,5.41,0.86,61192.0
Maize,Tropical,2.22,143,32.0,35.8,67.6,4.63,0.96,39932.0
Wheat,Temperate,4.14,88,25.2,16.9,36.9,5.72,0.9,86250.0
Maize,Semi-Arid,2.26,129,34.9,19.4,56.4,5.64,0.92,47456.0
Wheat,Temperate,3.99,113,30.9,37.8,70.9,4.68,0.9,68011.0
Maize,Semi-Arid,4.83,164,30.8,18.1,78.0,6.43,0.95,119399.0
Wheat,Temperate,4.11,144,25.2,22.7,47.6,6.13,0.81,82586.0
Wheat,Tropical,4.06,84,38.9,29.5,84.0,5.75,0.87,82192.0
Paddy,Temperate,2.17,141,29.9,31.9,64.6,5.62,1.01,49847.0
Maize,Temperate,3.71,80,35.8,17.1,37.9,5.55,0.91,75827.0
Maize,Semi-Arid,2.48,130,25.5,29.1,42.0,4.78,0.91,43656.0
Maize,Semi-Arid,3.9,115,39.1,28.0,68.6,5.75,0.94,85306.0
Paddy,Semi-Arid,4.42,107,28.3,22.5,81.8,4.74,1.06,89872.0
Wheat,Temperate,1.0,106,31.4,34.5,80.3,4.83,0.83,16223.0
Maize,Tropical,1.5,130,29.0,17.3,31.8,5.31,0.94,30299.0
Paddy,Tropical,4.83,118,32.5,19.0,39.9,5.03,1.1,108150.0
Paddy,Tropical,0.73,180,30.2,29.0,67.6,5.48,1.05,16999.0
Paddy,Tropical,3.52,154,30.5,17.3,76.2,5.76,1.02,83692.0
Paddy,Tropical,4.17,95,37.5,19.6,33.1,6.22,1.04,109164.0
Maize,Temperate,3.7,98,30.2,12.9,85.8,6.37,0.92,87750.0
Wheat,Semi-Arid,3.81,129,38.9,36.3,38.1,6.46,0.87,86655.0
Wheat,Tropical,0.92,91,33.4,36.5,33.2,5.2,0.82,15875.0
Maize,Semi-Arid,2.32,112,34.6,12.5,31.3,5.84,0.99,54282.0
Paddy,Semi-Arid,0.96,178,39.6,18.5,41.4,5.88,1.0,22844.0
Wheat,Temperate,3.7,112,32.4,15.4,45.7,5.94,0.82,72932.0
Wheat,Tropical,2.79,165,29.0,17.3,88.1,5.47,0.85,52496.0
Maize,Tropical,2.08,176,33.7,24.8,33.7,5.5,0.94,43518.0
Maize,Temperate,0.7,123,39.1,38.6,84.0,6.0,0.98,16657.0
Wheat,Tropical,2.43,132,33.6,39.4,25.3,5.27,0.89,46124.0
Maize,Semi-Arid,2.68,97,33.4,38.1,68.7,4.69,0.93,47305.0
Maize,Tropical,1.13,106,29.4,19.7,79.4,5.9,1.0,26980.0
Maize,Temperate,4.14,178,28.8,28.3,25.7,5.5,0.93,85697.0
Wheat,Semi-Arid,0.82,95,25.8,36.6,21.9,4.69,0.82,12762.0
Maize,Semi-Arid,1.98,137,33.1,18.6,61.4,5.0,0.97,38862.0
Paddy,Tropical,2.12,139,29.9,34.8,39.0,5.41,1.08,50127.0
Paddy,Semi-Arid,2.89,126,35.5,14.2,29.3,5.53,1.01,65322.0
Paddy,Tropical,2.29,98,31.6,12.4,21.8,4.66,1.0,43186.0
Maize,Semi-Arid,2.34,137,38.7,23.3,36.8,5.93,0.97,54470.0
Wheat,Semi-Arid,4.8,143,33.3,28.4,49.4,5.21,0.83,83999.0
Wheat,Tropical,2.04,171,25.7,11.2,79.9,5.45,0.81,36444.0
Paddy,Semi-Arid,4.13,179,27.6,23.0,47.9,6.4,1.08,115524.0
Paddy,Temperate,0.57,98,32.5,35.7,66.1,6.39,1.03,15182.0
Maize,Tropical,3.55,114,34.6,23.7,58.2,5.75,0.98,80954.0
Wheat,Tropical,4.57,123,29.1,16.4,46.4,4.69,0.9,78064.0
Maize,Tropical,3.45,172,37.7,10.7,77.0,5.49,0.93,71284.0
Paddy,Semi-Arid,3.33,108,25.6,22.5,87.7,5.35,1.07,77144.0
Maize,Tropical,2.36,161,28.8,27.4,80.7,4.98,1.0,47562.0
Maize,Semi-Arid,3.9,109,38.5,25.2,77.9,5.1,0.98,78882.0
Maize,Temperate,0.55,98,26.4,19.6,86.5,5.49,0.94,11486.0
Wheat,Tropical,3.21,131,35.1,32.6,75.4,4.73,0.81,49770.0
Wheat,Temperate,0.76,174,25.8,32.1,58.2,4.73,0.85,12366.0
Wheat,Temperate,3.28,86,31.4,16.7,47.8,5.91,0.88,69034.0
Wheat,Temperate,1.55,87,30.6,21.1,76.9,6.32,0.85,33697.0
Wheat,Semi-Arid,2.19,110,32.2,21.3,69.4,6.31,0.88,49212.0
Maize,Temperate,1.64,171,33.6,32.2,73.7,5.8,0.94,36184.0
Wheat,Tropical,1.57,142,32.2,12.5,57.0,6.43,0.87,35543.0
Wheat,Temperate,0.69,100,25.7,37.7,84.3,5.89,0.9,14802.0
Wheat,Temperate,3.33,93,29.4,39.9,68.8,6.3,0.85,72164.0
Wheat,Semi-Arid,4.81,95,38.4,23.7,63.4,4.88,0.89,84542.0
Paddy,Semi-Arid,1.53,107,26.2,39.2,89.0,4.56,1.04,29363.0
Wheat,Semi-Arid,4.16,171,29.1,14.0,25.3,6.4,0.83,89427.0
Wheat,Tropical,2.38,135,38.1,26.5,31.5,6.06,0.86,50196.0
Paddy,Tropical,1.18,164,36.2,21.8,78.0,6.18,1.1,32462.0
Paddy,Temperate,1.1,100,25.8,35.9,76.9,6.0,1.0,26709.0
Maize,Tropical,3.96,116,36.4,21.3,36.9,4.76,0.96,73230.0
Maize,Temperate,1.43,144,35.1,28.5,45.1,5.84,0.93,31430.0
Paddy,Semi-Arid,4.24,129,37.8,26.6,59.3,6.08,1.05,109541.0
Wheat,Temperate,0.63,158,36.8,29.2,76.4,4.77,0.81,9851.0
Paddy,Tropical,3.15,109,33.3,12.7,70.8,5.53,1.04,73314.0
Maize,Tropical,3.3,130,35.5,33.9,52.2,5.48,0.94,68792.0
Wheat,Temperate,2.72,156,28.1,27.4,43.9,4.76,0.9,47156.0
Maize,Temperate,2.3,95,34.6,15.5,44.2,6.25,0.96,55847.0
Maize,Tropical,1.28,130,25.6,15.1,39.5,4.56,0.97,22912.0
Paddy,Temperate,2.57,169,38.4,13.9,43.1,4.58,1.01,48110.0
Wheat,Semi-Arid,3.6,135,38.1,37.6,24.3,6.24,0.85,77272.0
Wheat,Temperate,4.94,126,30.6,24.5,63.3,5.56,0.86,95591.0
Paddy,Temperate,0.67,135,27.0,30.6,79.1,5.56,1.07,16131.0
Wheat,Temperate,2.09,94,26.6,32.1,32.8,5.14,0.89,38692.0
Maize,Temperate,2.91,104,38.4,27.8,67.5,5.8,0.91,62156.0
Paddy,Semi-Arid,2.92,113,33.4,27.6,59.5,5.07,1.01,60510.0
Paddy,Tropical,3.23,138,30.3,39.6,62.4,4.52,1.09,64400.0
Wheat,Temperate,1.61,83,37.8,12.6,76.4,6.18,0.82,33018.0
Maize,Temperate,2.35,115,40.0,36.9,60.3,6.23,0.95,56286.0
Paddy,Semi-Arid,2.71,130,37.3,31.6,57.5,5.06,1.1,61042.0
Wheat,Tropical,1.96,98,28.0,32.1,57.1,5.72,0.82,37204.0
Paddy,Semi-Arid,1.19,179,29.8,27.8,45.8,5.6,1.06,28586.0
Paddy,Tropical,1.95,81,26.3,14.2,20.2,5.69,1.1,49392.0
Paddy,Tropical,2.07,128,37.8,32.4,48.6,5.96,1.04,51924.0
Wheat,Temperate,2.21,80,36.1,27.2,78.9,6.09,0.82,44662.0
Paddy,Tropical,4.21,116,37.2,30.0,56.6,6.25,1.08,115002.0
Wheat,Temperate,2.53,93,38.5,28.7,57.8,5.51,0.87,49081.0
Wheat,Temperate,2.26,145,33.2,37.2,63.7,5.36,0.84,41179.0
Maize,Semi-Arid,2.01,143,27.5,36.4,54.7,6.29,0.96,49117.0
Wheat,Semi-Arid,1.9,180,36.7,14.3,34.3,6.02,0.82,37956.0
Maize,Temperate,0.96,92,26.7,35.4,28.9,6.09,0.98,23186.0
Wheat,Semi-Arid,2.34,124,35.8,29.2,68.6,5.0,0.85,40246.0
Wheat,Temperate,4.82,117,28.4,22.7,40.2,4.81,0.88,82564.0
Wheat,Tropical,0.95,176,25.3,36.2,85.2,6.34,0.81,19743.0
Maize,Semi-Arid,3.09,88,31.4,32.1,85.4,6.32,0.92,72708.0
Wheat,Temperate,4.93,115,26.9,37.6,80.9,4.95,0.81,79994.0
Maize,Temperate,0.75,88,28.1,33.6,62.3,5.3,0.94,15121.0
Wheat,Temperate,4.65,86,30.2,32.1,51.7,4.57,0.89,76538.0
Maize,Tropical,1.29,150,27.5,11.0,41.8,5.66,0.91,26888.0
Paddy,Semi-Arid,1.46,128,27.7,38.8,30.4,6.22,1.02,37485.0
Maize,Temperate,2.76,80,29.6,21.9,49.9,5.2,1.0,58081.0
Paddy,Temperate,0.66,109,37.5,27.6,40.6,5.41,1.02,14739.0
Paddy,Tropical,2.66,173,33.4,14.7,32.7,4.65,1.05,52558.0
Maize,Semi-Arid,1.72,113,31.1,10.8,30.9,6.23,0.94,40763.0
Wheat,Temperate,1.64,166,35.1,10.6,27.3,5.64,0.86,32191.0
Maize,Semi-Arid,1.57,113,37.1,39.7,62.2,6.16,0.97,37964.0
Wheat,Temperate,2.33,134,38.4,10.4,26.0,6.2,0.81,47353.0
Wheat,Semi-Arid,3.39,161,38.4,34.5,43.9,6.15,0.89,75090.0
Maize,Tropical,1.71,84,30.2,33.2,45.4,5.09,0.96,33815.0
Paddy,Tropical,1.13,153,33.5,39.6,53.0,5.47,1.08,27015.0
Wheat,Semi-Arid,2.94,104,28.9,14.2,78.4,5.55,0.83,54807.0
Wheat,Semi-Arid,3.57,149,38.7,13.5,60.4,4.63,0.87,58195.0
Wheat,Temperate,4.23,166,26.6,14.2,38.5,6.25,0.87,93080.0
Paddy,Semi-Arid,3.49,150,33.6,35.1,48.3,5.54,1.06,82939.0
Paddy,Temperate,3.82,130,26.4,33.1,24.8,5.08,1.02,80102.0
Wheat,Tropical,3.25,133,32.1,29.9,85.6,5.47,0.87,62590.0
Paddy,Temperate,1.68,178,37.6,35.4,86.9,5.17,1.0,35149.0
Paddy,Semi-Arid,2.05,119,35.9,24.9,68.2,5.42,1.05,47213.0
Maize,Tropical,4.1,123,39.5,10.2,27.2,4.68,0.98,76098.0
Maize,Temperate,4.06,136,31.7,15.6,57.9,5.96,1.0,97924.0
Wheat,Temperate,3.76,159,37.7,17.5,54.3,5.89,0.88,78869.0
Wheat,Semi-Arid,0.68,89,33.8,40.0,58.9,6.33,0.89,15503.0
Paddy,Temperate,3.79,127,26.7,22.7,75.7,6.22,1.01,96354.0
Maize,Tropical,2.85,96,34.8,20.9,59.2,4.65,0.95,50949.0
Wheat,Tropical,2.48,166,26.0,19.5,57.8,5.82,0.85,49649.0
Wheat,Semi-Arid,4.49,121,38.1,22.5,52.3,4.54,0.86,70945.0
Maize,Semi-Arid,2.23,175,37.0,39.9,44.5,4.68,0.92,38856.0
Paddy,Temperate,3.32,135,29.1,21.9,26.4,5.34,1.05,75333.0
Wheat,Semi-Arid,0.52,124,30.3,18.6,40.7,5.68,0.87,10399.0
Wheat,Semi-Arid,0.7,94,30.8,30.4,35.3,6.1,0.89,15379.0
Wheat,Semi-Arid,2.38,135,38.3,28.0,83.3,4.83,0.81,37681.0
Maize,Semi-Arid,4.27,133,34.1,25.4,36.1,5.27,0.94,85602.0
Wheat,Tropical,4.01,85,37.0,28.9,35.1,6.36,0.82,84632.0
Paddy,Temperate,1.67,114,36.4,30.9,30.8,4.95,1.05,35126.0
Wheat,Temperate,3.17,93,37.9,23.7,47.4,4.76,0.85,51904.0
Wheat,Temperate,4.33,121,37.1,29.7,58.6,5.06,0.8,70933.0
Maize,Tropical,3.63,127,32.4,12.4,35.4,6.29,0.9,83161.0
Wheat,Semi-Arid,2.73,175,32.7,37.2,60.0,5.59,0.89,54965.0
Wheat,Tropical,4.45,98,38.0,17.4,31.0,5.17,0.83,77276.0
Wheat,Tropical,3.56,142,35.5,15.7,81.7,6.24,0.87,78212.0
Maize,Semi-Arid,0.52,111,30.0,32.3,31.3,6.16,0.99,12833.0
Wheat,Temperate,1.37,92,34.3,39.4,64.2,5.25,0.83,24159.0
Wheat,Temperate,0.98,109,25.3,23.0,78.8,6.36,0.88,22196.0
Wheat,Semi-Arid,1.28,179,26.0,19.0,69.6,5.92,0.88,26986.0
Paddy,Temperate,3.29,161,38.1,39.2,87.8,4.76,1.03,65277.0
Wheat,Semi-Arid,0.8,112,29.9,24.7,73.9,4.5,0.84,12238.0
Paddy,Tropical,4.99,160,26.5,35.6,56.9,5.89,1.03,122510.0
Paddy,Tropical,1.54,154,29.1,38.5,30.6,6.39,1.08,43009.0
Wheat,Semi-Arid,2.29,136,31.6,19.4,42.5,4.96,0.86,39531.0
Wheat,Semi-Arid,4.41,103,30.5,35.9,53.1,4.91,0.82,71854.0
Wheat,Tropical,3.97,125,33.0,10.5,75.8,6.32,0.88,89353.0
Paddy,Tropical,4.08,104,25.0,27.9,62.5,4.9,1.06,85759.0
Wheat,Tropical,3.43,81,37.0,19.3,51.9,4.64,0.82,52813.0
Paddy,Tropical,3.2,111,34.9,32.7,86.7,4.58,1.05,62276.0
Paddy,Semi-Arid,1.16,155,39.8,14.3,54.9,4.92,1.07,24713.0
Wheat,Tropical,0.54,176,32.8,12.6,44.5,6.15,0.86,11558.0
Paddy,Temperate,1.1,169,35.3,34.0,34.0,5.84,1.04,27037.0
Maize,Semi-Arid,4.53,88,39.0,11.6,57.9,6.37,0.91,106267.0
Paddy,Semi-Arid,4.03,86,34.9,26.6,61.8,5.4,1.06,93352.0
Maize,Tropical,1.24,93,26.2,11.8,37.3,5.46,0.9,24659.0
Maize,Temperate,4.89,179,36.2,36.2,50.4,4.82,0.92,87753.0
Paddy,Temperate,1.53,175,33.1,24.8,25.7,5.86,1.07,38823.0
Wheat,Tropical,1.42,86,31.9,36.0,70.9,6.19,0.84,29880.0
Wheat,Tropical,2.17,99,32.6,26.3,56.0,5.38,0.83,39214.0
Wheat,Temperate,3.23,158,38.5,22.7,39.4,5.07,0.84,55668.0
Wheat,Semi-Arid,3.3,119,37.5,17.1,74.3,4.86,0.82,53221.0
Paddy,Tropical,1.31,148,26.0,23.1,26.8,5.39,1.1,31432.0
Maize,Temperate,3.17,149,34.8,19.4,47.9,5.81,0.94,70062.0
Maize,Temperate,3.19,115,39.5,23.6,36.5,5.38,0.96,66675.0
Paddy,Tropical,3.51,80,31.7,27.6,86.4,4.83,1.04,71352.0
Wheat,Temperate,2.11,155,32.1,35.3,76.4,6.24,0.86,45823.0
Maize,Tropical,1.71,81,26.8,16.9,23.6,4.74,0.91,29849.0
Paddy,Tropical,0.9,112,32.6,11.2,30.4,5.46,1.02,20284.0
Maize,Temperate,4.78,129,39.6,27.4,37.8,5.48,0.9,95405.0
Paddy,Semi-Arid,0.63,124,27.2,38.2,71.3,4.88,1.01,12566.0
Maize,Temperate,2.5,84,39.5,17.7,66.3,6.39,0.97,62709.0
Paddy,Tropical,1.6,105,38.0,27.1,22.1,5.88,1.0,38073.0
Wheat,Semi-Arid,4.73,93,30.9,29.5,27.5,6.5,0.86,107002.0
Paddy,Tropical,4.4,168,38.1,33.5,59.7,4.72,1.03,86567.0
Paddy,Temperate,1.97,98,37.1,32.9,75.8,6.24,1.04,51737.0
Wheat,Temperate,2.95,168,29.9,28.9,62.7,5.89,0.81,56956.0
Wheat,Semi-Arid,1.57,114,28.4,12.2,62.2,5.79,0.84,30901.0
Paddy,Tropical,2.21,105,39.3,35.4,84.0,5.18,1.05,48644.0
Wheat,Semi-Arid,3.11,123,32.2,21.8,58.5,5.94,0.84,62798.0
Maize,Temperate,4.2,159,34.7,36.9,37.0,5.26,0.95,84933.0
Wheat,Temperate,1.38,157,32.3,17.7,39.9,6.36,0.85,30191.0
Maize,Tropical,0.9,109,35.7,18.2,48.9,5.54,0.96,19371.0
Maize,Tropical,1.32,92,27.8,18.9,75.5,5.01,0.97,25960.0
Paddy,Semi-Arid,2.98,124,34.5,38.5,62.1,5.53,1.08,72025.0
Wheat,Tropical,3.41,167,31.2,35.2,83.0,4.97,0.88,60355.0
Wheat,Semi-Arid,3.79,179,31.4,30.0,26.7,5.4,0.83,68743.0
Paddy,Tropical,1.56,177,32.1,26.1,32.5,5.78,1.02,37220.0
Maize,Temperate,1.54,157,34.5,11.8,29.9,5.69,0.95,33688.0
Paddy,Semi-Arid,2.43,118,35.9,10.5,43.9,4.71,1.04,48170.0
Paddy,Tropical,4.57,115,26.3,36.8,33.4,4.95,1.03,94292.0
Wheat,Tropical,2.49,139,26.0,34.0,36.4,5.04,0.86,43676.0
Paddy,Semi-Arid,1.54,137,30.0,30.1,89.6,5.23,1.07,34876.0
Maize,Tropical,2.59,87,33.7,12.7,87.3,5.88,0.97,59782.0
Wheat,Temperate,2.34,109,31.8,32.7,44.3,6.35,0.82,49308.0
Wheat,Semi-Arid,4.88,84,36.1,33.1,37.1,5.54,0.81,88620.0
Paddy,Semi-Arid,4.05,111,26.9,34.8,74.7,4.63,1.03,78161.0
Wheat,Temperate,2.04,164,30.2,17.2,55.7,5.29,0.82,35811.0
Maize,Tropical,4.43,85,38.8,24.9,89.5,5.28,0.99,93711.0
Maize,Semi-Arid,2.93,124,30.7,36.3,80.8,4.78,0.94,53277.0
Maize,Semi-Arid,0.86,100,25.3,14.6,35.7,6.45,0.93,20877.0
Paddy,Semi-Arid,1.1,133,29.7,28.2,29.7,6.16,1.08,29615.0
Maize,Tropical,4.21,92,30.5,12.0,21.8,4.97,1.0,84675.0
Wheat,Tropical,4.85,175,33.9,38.1,81.3,4.71,0.85,78578.0
Paddy,Temperate,0.58,81,34.8,14.6,24.3,4.88,1.0,11454.0
Wheat,Temperate,4.98,110,35.4,39.5,36.7,4.65,0.81,75908.0
Paddy,Tropical,1.3,95,25.9,25.3,89.8,4.97,1.03,26931.0
Wheat,Tropical,2.87,129,27.0,36.6,51.5,5.21,0.86,52040.0
Maize,Semi-Arid,4.22,180,30.8,38.9,37.4,5.46,0.94,87650.0
Paddy,Tropical,3.12,166,27.1,26.1,35.1,6.17,1.08,84136.0
Wheat,Temperate,4.11,124,25.6,21.1,38.6,5.41,0.9,80984.0
Maize,Tropical,1.07,113,29.9,32.1,53.3,5.73,0.91,22579.0
Wheat,Tropical,4.03,92,27.0,13.1,66.1,5.88,0.85,81512.0
Wheat,Temperate,4.69,139,36.7,34.8,54.7,5.4,0.83,85067.0
Wheat,Temperate,0.8,167,38.2,13.2,89.2,5.86,0.86,16316.0
Wheat,Tropical,3.86,80,26.1,12.1,20.8,5.52,0.8,68982.0
Paddy,Temperate,4.96,131,36.6,29.8,33.0,5.32,1.05,112125.0
Wheat,Tropical,3.94,143,31.4,12.5,56.0,5.09,0.87,70608.0
Wheat,Tropical,3.5,146,26.8,28.5,74.2,6.42,0.9,81840.0
Maize,Tropical,4.86,100,26.9,24.2,28.0,5.66,0.9,100187.0
Maize,Temperate,3.27,177,26.9,20.1,85.0,4.69,0.95,58961.0
Maize,Temperate,2.25,101,29.1,37.8,67.3,6.27,0.96,54807.0
Wheat,Tropical,4.17,118,37.7,37.6,37.7,4.94,0.83,69193.0
Paddy,Semi-Arid,3.78,86,27.7,11.6,42.4,6.47,1.08,106890.0
Paddy,Temperate,3.78,81,27.0,31.8,77.2,5.48,1.05,88020.0
Maize,Semi-Arid,3.8,122,36.4,32.3,62.8,5.63,0.98,84847.0
Wheat,Tropical,3.1,104,36.4,14.8,52.3,5.98,0.81,60767.0
Maize,Tropical,0.95,175,38.2,29.7,41.8,5.97,1.0,22952.0
Maize,Semi-Arid,3.6,92,33.1,25.7,79.4,4.57,0.96,63916.0
Wheat,Temperate,3.87,132,30.5,19.8,30.4,5.44,0.8,68158.0
Maize,Tropical,2.16,83,35.8,36.6,61.5,5.83,1.0,50961.0
Paddy,Tropical,0.51,117,27.5,15.4,47.1,5.68,1.07,12544.0
Wheat,Semi-Arid,0.79,159,28.4,31.1,23.7,5.7,0.86,15672.0
Maize,Semi-Arid,4.21,128,34.5,14.5,68.7,6.46,0.93,102357.0
Wheat,Tropical,2.83,127,30.6,13.7,71.5,4.68,0.88,47166.0
Wheat,Semi-Arid,3.81,154,36.0,19.0,32.1,5.77,0.86,76510.0
Maize,Tropical,2.34,157,36.2,32.2,86.5,4.87,0.91,41967.0
Wheat,Tropical,1.24,173,37.5,18.2,56.3,6.07,0.9,27414.0
Maize,Semi-Arid,2.43,148,37.6,15.6,76.2,6.37,0.93,58257.0
Paddy,Semi-Arid,0.72,118,32.4,23.1,71.1,4.61,1.06,14238.0
Paddy,Semi-Arid,1.11,110,38.8,24.2,20.9,5.06,1.06,24093.0
Maize,Tropical,4.58,89,29.1,32.8,51.5,5.04,0.92,85941.0
Wheat,Semi-Arid,0.65,163,34.3,26.9,44.2,5.32,0.85,11895.0
Maize,Temperate,1.57,111,35.0,38.9,59.2,5.29,0.91,30585.0
Paddy,Temperate,1.67,136,32.4,39.4,30.1,4.9,1.04,34440.0
Wheat,Temperate,4.87,91,30.2,13.4,30.6,5.0,0.85,83760.0
Maize,Tropical,2.95,103,26.7,35.8,70.6,6.08,0.97,70407.0
Wheat,Semi-Arid,0.87,149,37.7,22.9,29.9,6.2,0.85,18554.0
Paddy,Semi-Arid,4.38,130,34.8,26.4,24.4,6.11,1.01,109384.0
Paddy,Temperate,4.07,128,28.0,17.8,31.5,6.02,1.1,109069.0
Paddy,Tropical,1.07,158,38.2,36.1,36.7,5.62,1.0,24335.0
Paddy,Semi-Arid,2.99,82,38.6,26.2,54.8,5.24,1.06,67209.0
Maize,Tropical,2.21,98,31.6,15.9,33.1,5.66,0.98,49608.0
Wheat,Semi-Arid,3.39,94,38.7,26.0,31.1,6.09,0.83,69345.0
Maize,Tropical,2.13,106,29.2,39.5,29.8,4.57,0.96,37817.0
Wheat,Tropical,4.19,180,31.6,28.5,25.8,6.11,0.87,90135.0
Paddy,Semi-Arid,4.95,100,35.9,19.7,89.8,5.35,1.03,110386.0
Maize,Semi-Arid,3.59,82,32.9,31.6,82.3,5.26,0.91,69541.0
Maize,Semi-Arid,4.36,129,26.7,32.8,89.2,6.14,0.92,99669.0
Wheat,Semi-Arid,2.72,82,38.2,25.8,37.1,4.7,0.84,43457.0
Wheat,Semi-Arid,4.57,130,31.8,32.5,65.6,5.98,0.84,92900.0
Maize,Temperate,1.64,112,26.9,30.3,42.8,4.85,0.98,31545.0
Wheat,Temperate,4.96,166,26.2,20.2,80.6,5.11,0.87,89236.0
Maize,Temperate,3.93,132,34.8,38.1,81.0,6.11,0.91,88429.0
Wheat,Semi-Arid,3.43,85,35.1,26.8,27.8,5.42,0.89,66958.0
Wheat,Semi-Arid,2.21,109,37.0,24.4,21.3,6.34,0.85,48197.0
Maize,Tropical,3.68,130,37.4,31.0,78.8,6.43,0.91,87140.0
Maize,Tropical,3.33,98,38.1,13.4,69.3,4.64,0.96,60028.0
Wheat,Temperate,0.56,131,29.5,28.0,40.8,5.96,0.82,11076.0
Wheat,Temperate,4.56,87,38.2,19.9,43.8,5.75,0.8,84887.0
Wheat,Temperate,1.78,91,33.7,39.9,79.9,5.82,0.88,36893.0
Wheat,Tropical,1.02,152,38.6,30.1,78.1,4.55,0.86,16152.0
Maize,Tropical,1.93,155,32.0,14.1,43.9,4.84,0.94,35534.0
Wheat,Semi-Arid,3.16,108,34.6,30.3,29.2,6.07,0.86,66756.0
Maize,Semi-Arid,4.78,113,32.1,39.5,38.8,4.64,0.97,87063.0
Wheat,Tropical,0.68,85,25.7,14.2,39.4,5.4,0.8,11888.0
Wheat,Tropical,1.38,114,31.7,24.2,61.4,4.51,0.85,21409.0
Paddy,Tropical,4.25,99,26.6,20.2,76.2,4.94,1.0,84964.0
Paddy,Tropical,4.69,88,37.3,18.5,77.3,5.19,1.03,101460.0
Maize,Semi-Arid,0.63,143,35.5,39.8,29.2,4.83,0.96,11822.0
Maize,Semi-Arid,4.58,91,35.1,18.9,70.3,5.94,0.94,103490.0
Wheat,Semi-Arid,0.73,126,25.9,28.1,68.1,5.83,0.86,14812.0
Wheat,Semi-Arid,2.16,98,33.9,26.5,83.0,5.14,0.85,38190.0
Wheat,Semi-Arid,3.51,153,30.4,27.8,20.7,4.78,0.89,60429.0
Wheat,Temperate,4.43,163,34.6,32.2,57.1,5.57,0.86,85877.0
Paddy,Tropical,2.4,114,31.7,12.5,48.0,4.75,1.0,46134.0
Wheat,Semi-Arid,2.6,103,34.8,35.4,68.5,5.31,0.82,45814.0
Wheat,Temperate,1.88,109,31.7,34.0,77.6,6.02,0.83,38015.0
Maize,Semi-Arid,3.12,136,25.4,21.8,56.8,4.83,0.93,56716.0
Wheat,Semi-Arid,0.7,144,30.2,14.6,21.8,5.77,0.86,14057.0
Maize,Semi-Arid,4.06,90,29.7,30.3,62.4,6.18,0.94,95447.0
Paddy,Temperate,3.6,129,32.3,10.8,55.4,4.77,1.05,72967.0
Paddy,Tropical,0.64,143,31.2,21.9,41.9,5.42,1.0,14038.0
Paddy,Semi-Arid,4.26,116,39.3,19.4,82.2,6.15,1.01,107084.0
Wheat,Tropical,3.23,96,30.8,20.2,57.9,5.46,0.81,57809.0
Wheat,Temperate,3.93,166,31.6,19.1,38.2,4.85,0.85,65565.0
Wheat,Temperate,1.72,123,37.5,26.3,31.6,4.78,0.83,27615.0
Maize,Semi-Arid,4.18,179,31.0,39.8,81.6,5.64,0.92,87773.0
Paddy,Temperate,3.79,87,25.6,24.3,58.0,4.76,1.05,76657.0
Maize,Temperate,3.75,124,31.9,11.1,72.2,4.75,0.99,71364.0
Wheat,Semi-Arid,2.6,91,39.5,38.5,55.9,5.68,0.87,51995.0
Paddy,Tropical,2.85,141,36.4,21.6,55.8,5.22,1.05,63215.0
Wheat,Temperate,4.91,161,31.7,28.1,61.4,6.41,0.89,113357.0
Maize,Temperate,4.34,160,34.6,19.0,36.8,6.27,0.91,100211.0
Maize,Tropical,4.87,140,38.9,10.6,53.4,4.56,0.9,80882.0
Maize,Semi-Arid,1.1,100,30.4,34.1,39.5,6.41,0.97,27678.0
Maize,Tropical,1.4,105,37.4,18.8,21.0,5.18,1.0,29348.0
Wheat,Temperate,1.14,87,36.5,29.8,73.6,5.73,0.87,22998.0
Maize,Temperate,0.85,83,31.1,12.0,44.4,5.76,0.95,18823.0
Wheat,Tropical,0.83,140,26.5,36.1,67.7,5.5,0.89,16442.0
Paddy,Semi-Arid,2.65,145,26.1,22.1,40.7,5.06,1.02,55350.0
Maize,Tropical,2.32,106,25.3,27.5,79.0,5.78,0.99,53724.0
Wheat,Temperate,1.47,98,34.7,13.7,82.2,6.23,0.8,29649.0
Paddy,Semi-Arid,3.31,131,34.6,25.8,52.4,6.15,1.06,87323.0
Maize,Temperate,2.84,156,38.8,31.6,48.1,5.07,0.96,55939.0
Paddy,Tropical,3.75,155,31.0,13.1,33.2,4.59,1.08,75229.0
Paddy,Tropical,0.78,129,32.0,20.2,85.8,6.36,1.07,21481.0
Wheat,Temperate,1.72,106,38.0,27.2,83.5,5.37,0.84,31398.0
Wheat,Tropical,4.71,130,26.3,30.6,54.6,6.36,0.84,101830.0
Wheat,Temperate,0.52,102,28.8,36.3,32.8,6.4,0.87,11717.0
Maize,Tropical,1.71,163,36.7,29.3,23.4,5.5,0.99,37680.0
Maize,Tropical,2.45,126,26.7,29.0,74.0,4.6,0.95,43328.0
Wheat,Temperate,2.98,179,37.8,16.4,66.0,5.96,0.82,58938.0
Paddy,Semi-Arid,3.55,124,25.5,21.8,85.2,5.97,1.02,87482.0
Paddy,Temperate,2.28,133,28.0,36.7,40.1,5.83,1.06,57020.0
Wheat,Semi-Arid,2.82,123,26.5,30.6,36.9,5.17,0.81,47791.0
Paddy,Semi-Arid,4.77,114,32.4,22.1,57.2,5.03,1.07,103893.0
Wheat,Temperate,4.84,139,31.0,32.9,51.8,4.94,0.85,82245.0
Paddy,Semi-Arid,3.09,121,36.6,34.2,28.4,5.37,1.09,73194.0
Wheat,Temperate,3.83,86,30.2,21.2,20.1,5.83,0.83,75000.0
Wheat,Tropical,4.31,152,33.2,34.9,62.4,5.3,0.9,83198.0
Maize,Semi-Arid,4.72,177,32.3,32.4,53.2,5.66,0.97,104869.0
Wheat,Tropical,2.89,163,33.2,38.9,25.3,4.91,0.82,47088.0
Paddy,Tropical,1.13,105,37.7,19.5,39.3,6.12,1.02,28546.0
Maize,Tropical,3.39,144,30.2,37.5,40.3,6.28,0.92,79262.0
Wheat,Tropical,3.61,84,32.5,16.9,23.1,6.42,0.87,81598.0
Maize,Semi-Arid,2.09,100,39.4,28.6,85.0,5.42,0.98,44925.0
Paddy,Temperate,2.56,82,27.5,23.4,34.6,5.85,1.02,61818.0
Wheat,Temperate,4.07,90,30.9,29.8,27.6,5.5,0.9,81530.0
Maize,Semi-Arid,3.06,90,31.9,37.6,32.3,5.74,1.0,71081.0
Paddy,Tropical,4.23,108,38.6,38.3,87.2,6.41,1.0,109728.0
Paddy,Temperate,1.23,87,36.6,19.3,36.2,5.83,1.08,31341.0
Maize,Tropical,3.94,172,32.5,10.4,20.6,5.25,1.0,83709.0
Paddy,Temperate,0.71,121,29.8,35.4,71.0,5.01,1.08,15547.0
Maize,Temperate,2.66,92,25.0,37.0,30.8,6.34,0.9,61423.0
Maize,Temperate,2.81,150,30.6,21.8,72.8,4.62,0.95,49910.0
Maize,Semi-Arid,2.11,97,39.9,21.6,60.2,5.81,0.96,47626.0
Paddy,Tropical,4.45,99,26.5,25.2,35.5,4.96,1.09,97361.0
Wheat,Temperate,4.4,120,39.3,27.4,50.6,5.36,0.82,78262.0
Paddy,Tropical,1.15,150,38.4,38.4,82.5,6.03,1.08,30308.0
Maize,Semi-Arid,2.74,172,28.8,18.9,61.6,4.91,0.95,51722.0
Wheat,Temperate,1.83,178,32.6,22.3,76.8,5.16,0.84,32099.0
Paddy,Temperate,2.09,83,27.3,36.3,57.7,6.36,1.08,58096.0
Maize,Tropical,3.94,136,33.9,11.8,45.4,6.45,0.91,93587.0
Maize,Semi-Arid,0.55,163,28.5,10.0,71.1,5.96,0.92,12204.0
Maize,Temperate,3.92,137,29.5,19.8,69.9,5.04,0.94,75156.0
Wheat,Tropical,4.56,179,39.8,32.6,47.5,4.8,0.84,74405.0
Maize,Temperate,3.89,111,27.5,33.4,60.9,5.76,0.94,85235.0
Paddy,Tropical,3.21,131,34.5,13.9,59.2,5.53,1.03,73992.0
Wheat,Semi-Arid,4.88,167,27.4,15.4,26.9,6.34,0.82,102669.0
Maize,Tropical,4.33,136,29.1,34.2,33.7,4.93,0.91,78613.0
Wheat,Tropical,3.66,155,35.1,23.1,58.5,5.26,0.89,69339.0
Maize,Semi-Arid,2.24,147,30.8,10.8,78.7,5.91,0.95,50895.0
Paddy,Tropical,0.94,167,35.6,34.5,58.3,5.58,1.08,22925.0
Wheat,Temperate,3.73,85,26.8,38.8,70.0,5.29,0.85,67874.0
Maize,Temperate,4.14,174,29.6,18.7,81.0,5.5,0.99,91226.0
Maize,Tropical,4.71,95,39.7,28.8,37.3,5.6,0.93,99268.0
Paddy,Semi-Arid,1.36,91,34.3,20.0,71.3,5.71,1.04,32683.0
Maize,Temperate,0.88,98,35.2,12.2,34.4,6.39,0.94,21391.0
Wheat,Tropical,3.8,166,28.0,22.6,72.6,5.15,0.88,69693.0
Maize,Semi-Arid,4.91,169,31.8,39.3,27.2,4.73,0.94,88346.0
Paddy,Temperate,1.35,163,31.3,20.4,47.8,5.71,1.06,33067.0
Paddy,Temperate,1.71,103,34.9,39.1,62.3,4.84,1.05,35168.0
Maize,Semi-Arid,1.84,133,35.4,23.7,26.4,5.03,1.0,37454.0
Paddy,Tropical,2.18,106,35.1,31.2,62.7,5.55,1.07,52390.0
Maize,Temperate,4.4,144,26.8,23.5,62.9,5.97,0.96,102051.0
Wheat,Tropical,3.14,177,30.6,11.5,63.9,5.67,0.82,59081.0
Wheat,Semi-Arid,4.73,89,31.0,35.2,33.2,6.45,0.85,104944.0
Wheat,Temperate,3.84,129,26.4,32.5,84.0,5.02,0.85,66309.0
Wheat,Semi-Arid,2.47,98,33.8,28.4,64.6,5.9,0.85,50129.0
Wheat,Tropical,1.4,102,25.8,37.3,22.1,4.93,0.81,22624.0
Wheat,Temperate,4.6,154,31.9,32.0,62.5,5.69,0.81,85797.0
Paddy,Semi-Arid,4.27,117,30.7,24.8,39.8,5.29,1.1,100553.0
Paddy,Semi-Arid,3.82,87,26.0,21.1,84.5,6.1,1.07,100901.0
Maize,Semi-Arid,2.16,133,37.9,11.1,75.1,5.76,0.93,46825.0
Maize,Semi-Arid,4.25,119,31.6,29.5,85.5,6.15,0.96,101544.0
Paddy,Semi-Arid,3.19,156,29.5,25.1,23.9,4.56,1.08,63577.0
Maize,Tropical,3.71,117,34.8,17.8,31.2,4.64,0.93,64788.0
Paddy,Tropical,3.86,146,37.2,30.6,27.7,4.52,1.09,76961.0
Maize,Tropical,2.91,100,36.1,12.3,81.1,5.12,0.95,57280.0
Maize,Tropical,1.97,128,32.6,38.2,81.3,6.31,1.0,50305.0
Paddy,Temperate,2.76,101,32.8,33.8,81.9,5.42,1.06,64170.0
Paddy,Temperate,3.25,108,31.9,22.3,70.5,5.48,1.04,74958.0
Wheat,Semi-Arid,0.51,145,33.0,33.7,40.8,4.67,0.82,7903.0
Wheat,Semi-Arid,3.8,157,26.8,29.0,60.8,5.54,0.84,71563.0
Maize,Temperate,0.76,98,30.0,32.5,60.0,5.61,0.92,15874.0
Maize,Semi-Arid,4.42,146,35.4,31.1,32.0,5.16,0.98,90452.0
Wheat,Tropical,3.34,127,39.2,30.9,54.7,5.17,0.89,62194.0
Paddy,Tropical,1.01,105,38.4,16.1,55.5,6.05,1.05,25965.0
Paddy,Tropical,0.81,82,33.4,28.9,68.2,5.96,1.08,21100.0
Wheat,Tropical,4.26,165,37.6,24.6,43.4,5.56,0.85,81474.0
Wheat,Tropical,4.35,124,32.3,10.4,48.7,6.11,0.82,88199.0
Maize,Temperate,1.44,87,38.2,21.7,57.9,4.63,0.93,25093.0
Wheat,Temperate,2.53,156,37.1,23.0,89.8,4.59,0.9,42295.0
Maize,Temperate,2.08,143,34.1,31.2,46.2,5.81,0.92,44993.0
Maize,Semi-Arid,2.21,81,34.9,24.5,20.4,6.05,0.99,53567.0
Maize,Temperate,3.11,152,33.8,33.5,72.6,5.85,0.9,66264.0
Wheat,Semi-Arid,1.43,123,36.1,15.1,33.6,6.0,0.8,27778.0
Wheat,Semi-Arid,3.22,100,34.8,36.7,60.5,6.02,0.83,65110.0
Paddy,Temperate,3.71,95,28.0,19.4,36.9,6.22,1.04,97122.0
Paddy,Temperate,2.78,158,33.4,27.5,29.4,6.14,1.09,75294.0
Paddy,Semi-Arid,2.44,141,35.4,17.9,85.7,4.95,1.1,53766.0
Paddy,Tropical,1.36,92,34.8,34.7,24.4,6.13,1.03,34750.0
Maize,Tropical,4.04,180,36.2,14.5,35.2,5.02,1.0,82074.0
Paddy,Semi-Arid,4.5,158,33.4,11.2,66.7,5.36,1.04,101515.0
Paddy,Temperate,1.96,108,31.5,30.0,26.6,6.13,1.09,52998.0
Wheat,Tropical,0.93,99,38.5,38.0,76.1,6.22,0.81,18962.0
Wheat,Temperate,3.07,95,31.2,13.9,21.6,6.2,0.85,65474.0
Paddy,Semi-Arid,1.91,127,29.7,10.5,21.2,5.91,1.06,48422.0
Maize,Temperate,3.29,178,39.1,22.4,48.2,5.66,0.98,73851.0
Wheat,Temperate,3.8,145,35.6,21.7,36.0,6.24,0.86,82525.0
Maize,Semi-Arid,2.04,148,34.5,24.1,51.0,5.8,0.99,47404.0
Wheat,Temperate,4.73,93,25.8,23.6,67.2,6.23,0.85,101365.0
Maize,Semi-Arid,3.34,166,35.4,30.9,65.4,5.61,0.99,75069.0
Wheat,Tropical,3.2,94,28.1,11.3,60.6,6.17,0.86,68715.0
Paddy,Semi-Arid,3.58,112,34.1,31.0,78.7,5.87,1.01,85894.0
Paddy,Semi-Arid,2.7,173,38.2,27.5,78.4,6.34,1.05,72738.0
Paddy,Semi-Arid,0.93,122,25.8,11.0,49.6,6.33,1.07,25491.0
Maize,Temperate,3.47,86,32.5,39.3,67.8,5.97,0.99,82996.0
Maize,Temperate,1.4,116,38.5,28.7,88.1,6.19,0.91,31914.0
Paddy,Semi-Arid,2.06,132,39.6,34.5,79.7,5.11,1.01,43026.0
Paddy,Semi-Arid,0.82,137,28.4,24.1,38.8,4.65,1.04,16048.0
Maize,Temperate,4.88,119,26.7,10.3,30.9,5.15,0.91,92552.0
Wheat,Tropical,1.08,118,30.5,20.6,41.2,4.84,0.82,17346.0
Maize,Temperate,0.84,167,27.3,12.5,53.9,5.91,0.98,19688.0
Paddy,Semi-Arid,1.12,89,32.6,14.3,63.7,6.25,1.08,30594.0
Wheat,Semi-Arid,1.88,136,35.7,18.5,45.5,5.95,0.85,38478.0
Paddy,Tropical,4.0,94,28.0,11.3,28.8,6.48,1.07,112237.0
Wheat,Semi-Arid,0.57,164,32.3,32.2,54.5,6.18,0.89,12687.0
Maize,Semi-Arid,4.1,95,29.9,23.6,73.4,6.31,0.91,95274.0
Wheat,Semi-Arid,1.29,162,36.0,25.4,80.9,4.96,0.9,23304.0
Maize,Semi-Arid,3.84,138,27.1,27.1,33.0,6.21,0.99,95538.0
Maize,Semi-Arid,4.22,101,34.1,27.3,59.1,4.79,0.92,75258.0
Paddy,Tropical,4.73,138,30.1,31.9,60.1,4.85,1.03,95622.0
Wheat,Tropical,1.64,164,38.1,17.5,38.4,5.75,0.8,30530.0
Paddy,Tropical,3.32,156,28.5,18.0,58.8,4.69,1.08,68054.0
Paddy,Temperate,4.77,102,29.4,16.2,36.7,5.68,1.02,111837.0
Wheat,Semi-Arid,3.92,95,34.2,32.8,55.9,6.5,0.85,87647.0
Paddy,Tropical,4.22,92,35.1,32.9,23.2,5.52,1.04,98040.0
Maize,Tropical,2.79,174,26.9,28.8,39.5,5.38,0.99,60137.0
Paddy,Tropical,4.08,154,31.7,17.1,23.5,6.05,1.1,109882.0
Wheat,Temperate,1.76,141,35.4,28.3,34.0,6.0,0.86,36752.0
Maize,Semi-Arid,1.45,172,37.8,35.1,84.9,4.63,0.97,26354.0
Wheat,Tropical,2.44,151,36.6,17.0,44.2,5.16,0.87,44328.0
Paddy,Semi-Arid,4.7,107,34.0,29.6,33.5,5.74,1.07,116819.0
Wheat,Semi-Arid,3.83,169,38.7,20.2,51.9,5.93,0.89,81802.0
Wheat,Temperate,2.46,162,29.7,20.2,25.5,6.2,0.83,51230.0
Paddy,Semi-Arid,4.26,142,39.8,38.2,51.7,4.62,1.03,82036.0
Wheat,Semi-Arid,3.7,110,27.3,39.0,51.3,4.88,0.82,59917.0
Paddy,Tropical,4.57,99,36.3,27.3,83.3,4.73,1.01,88352.0
Maize,Temperate,0.53,155,38.0,17.5,70.2,6.27,0.91,12238.0
Maize,Tropical,1.84,80,31.6,31.9,85.8,5.36,0.93,37118.0
Wheat,Semi-Arid,1.28,176,26.8,30.5,86.5,5.69,0.88,25937.0
Paddy,Temperate,3.13,84,30.3,11.4,35.3,5.82,1.06,78143.0
Paddy,Tropical,4.43,102,35.5,22.3,59.2,4.67,1.01,84559.0
Maize,Tropical,0.97,132,32.0,13.6,88.6,4.95,0.98,19042.0
Maize,Temperate,3.82,139,34.3,35.9,35.6,4.85,0.96,71977.0
Maize,Semi-Arid,3.03,133,31.4,33.8,22.2,5.36,0.97,63753.0
Maize,Temperate,1.02,168,35.4,23.7,35.9,5.65,0.91,21223.0
Wheat,Semi-Arid,2.12,100,36.2,12.3,82.7,6.11,0.86,45081.0
Wheat,Semi-Arid,1.2,117,32.0,24.5,78.9,4.87,0.86,20339.0
Wheat,Semi-Arid,3.93,92,31.9,19.1,85.3,5.86,0.86,80151.0
Paddy,Temperate,2.89,105,39.1,19.4,37.5,5.81,1.07,72707.0
Paddy,Temperate,4.68,157,26.0,22.5,28.1,6.05,1.03,118020.0
Maize,Tropical,0.85,98,28.5,30.4,85.8,5.38,0.97,17951.0
Maize,Tropical,0.98,111,36.3,25.9,57.6,4.64,0.93,17114.0
Maize,Tropical,3.0,159,37.4,11.3,49.3,5.92,0.93,66841.0
Maize,Temperate,2.76,122,28.9,19.4,78.6,6.37,0.92,65457.0
Maize,Tropical,1.92,159,31.0,32.6,57.2,6.06,0.94,44261.0
Maize,Tropical,4.21,124,34.9,10.2,86.0,5.36,0.97,88580.0
Wheat,Semi-Arid,1.63,97,28.7,26.4,39.2,5.65,0.89,33170.0
Maize,Tropical,4.23,122,39.7,39.0,47.7,4.92,0.96,80853.0
Paddy,Temperate,2.48,144,31.0,33.5,38.6,6.06,1.08,65685.0
Wheat,Semi-Arid,3.47,176,31.5,19.1,33.9,5.75,0.86,69441.0
Maize,Temperate,2.74,166,31.3,14.8,32.0,6.01,0.94,62643.0
Paddy,Semi-Arid,3.61,173,26.5,10.5,66.3,4.65,1.07,72688.0
Maize,Semi-Arid,4.26,124,29.6,17.9,39.6,6.35,0.9,98524.0
Paddy,Semi-Arid,1.46,95,33.6,21.8,22.0,6.39,1.09,41153.0
Wheat,Semi-Arid,1.88,127,35.5,20.9,59.6,5.59,0.88,37426.0
Maize,Tropical,3.05,151,38.6,21.2,58.5,6.16,0.95,72231.0
